{
  "ratio": 1.293469275588233,
  "escape_rate": 0.9245845687437249,
  "all_correct": true,
  "entropy": 3.5479793548583984,
  "enc_gbs": 1.3734417125622447,
  "dec_gbs": 15.422935529048436,
  "top8_coverage": 84.79372813519703,
  "top15_coverage": 99.07541543125627
}