{
  "representative_tensor": {
    "activation_model": "Qwen/Qwen2.5-1.5B",
    "shape": [
      32768,
      4096
    ]
  },
  "fp8_results": [
    {
      "format": "e4m3",
      "scheme": "top8_exact",
      "coverage_name": "top8",
      "raw_fp8_bytes": 134217728,
      "compressed_bytes": 126714396,
      "ratio_vs_fp8": 1.0592145189249058,
      "ratio_vs_bf16": 2.1184290378498116,
      "coverage": 0.9565402865409851,
      "escapes": 5833064,
      "escape_rate": 0.04345971345901489,
      "encode_gbs": 134.48699564406823,
      "decode_gbs": 288.41753389467516
    },
    {
      "format": "e5m2",
      "scheme": "top8_exact",
      "coverage_name": "top8",
      "raw_fp8_bytes": 134217728,
      "compressed_bytes": 110578394,
      "ratio_vs_fp8": 1.2137789593869486,
      "ratio_vs_bf16": 2.427557918773897,
      "coverage": 0.9569433927536011,
      "escapes": 5778960,
      "escape_rate": 0.043056607246398926,
      "encode_gbs": 138.8682185029659,
      "decode_gbs": 287.2110068462132
    },
    {
      "format": "e5m2",
      "scheme": "top16_exact",
      "coverage_name": "top16",
      "raw_fp8_bytes": 134217728,
      "compressed_bytes": 118930440,
      "ratio_vs_fp8": 1.128539741381601,
      "ratio_vs_bf16": 2.257079482763202,
      "coverage": 0.995572566986084,
      "escapes": 594240,
      "escape_rate": 0.004427433013916016,
      "encode_gbs": 140.3267670508535,
      "decode_gbs": 289.22581730074523
    }
  ],
  "fp8_transfer": {
    "model": "Qwen3-32B",
    "hf_name": "Qwen/Qwen3-32B",
    "transport_mode": "RoCE 4x200G",
    "bandwidth_gbs": 87.0,
    "num_hidden_layers": 64,
    "rows": {
      "e4m3_top8_exact": [
        {
          "seq_len": 1024,
          "native_ms": 4.119729594308082,
          "splitzip_ms": 10.483786225581776,
          "speedup": 0.3929619991921827,
          "ratio": 1.0131917963018522,
          "encode_gbs": 12.902909278440054,
          "decode_gbs": 48.574424514689795,
          "escape_rate": 0.07204914093017578,
          "splitzip_breakdown_sequential_ms": {
            "encode": 10.402129093805948,
            "transfer": 8.979095674490058,
            "decode": 2.7631357312202454,
            "total": 22.14436049951625
          }
        },
        {
          "seq_len": 2048,
          "native_ms": 6.640661732371228,
          "splitzip_ms": 11.024100652270246,
          "speedup": 0.6023767327454222,
          "ratio": 1.00755273474049,
          "encode_gbs": 24.682588093312912,
          "decode_gbs": 93.29154196793716,
          "escape_rate": 0.07573175430297852,
          "splitzip_breakdown_sequential_ms": {
            "encode": 10.875498751799267,
            "transfer": 15.750118384455204,
            "decode": 2.8773825615644455,
            "total": 29.502999697818915
          }
        },
        {
          "seq_len": 4096,
          "native_ms": 11.512709578654322,
          "splitzip_ms": 11.53792528871506,
          "speedup": 0.9978145368920528,
          "ratio": 0.9980532946578037,
          "encode_gbs": 60.14793751288844,
          "decode_gbs": 206.71129602765404,
          "escape_rate": 0.08202946186065674,
          "splitzip_breakdown_sequential_ms": {
            "encode": 8.925840755303701,
            "transfer": 28.656532670893395,
            "decode": 2.5972016155719757,
            "total": 40.17957504176907
          }
        },
        {
          "seq_len": 8192,
          "native_ms": 21.57803325851739,
          "splitzip_ms": 22.76445211124449,
          "speedup": 0.9478828285904115,
          "ratio": 0.9815708453400207,
          "encode_gbs": 97.14512505494707,
          "decode_gbs": 265.88740546213893,
          "escape_rate": 0.09324592351913452,
          "splitzip_breakdown_sequential_ms": {
            "encode": 11.05296661456426,
            "transfer": 56.616279544729515,
            "decode": 4.038332775235176,
            "total": 71.70757893452895
          }
        },
        {
          "seq_len": 16384,
          "native_ms": 42.89638024397777,
          "splitzip_ms": 42.58781521960873,
          "speedup": 1.0072453828114425,
          "ratio": 0.9878945756883435,
          "encode_gbs": 112.5191827142028,
          "decode_gbs": 271.46061182272075,
          "escape_rate": 0.08889833092689514,
          "splitzip_breakdown_sequential_ms": {
            "encode": 19.085489213466644,
            "transfer": 107.3587034092925,
            "decode": 7.910848036408424,
            "total": 134.35504065916757
          }
        },
        {
          "seq_len": 32768,
          "native_ms": 83.36069054886,
          "splitzip_ms": 80.20839026284976,
          "speedup": 1.0393013782682818,
          "ratio": 1.020035641812928,
          "encode_gbs": 124.74932888733366,
          "decode_gbs": 281.5129424697918,
          "escape_rate": 0.06763443350791931,
          "splitzip_breakdown_sequential_ms": {
            "encode": 34.42878077427546,
            "transfer": 204.5475839636421,
            "decode": 15.25673121213913,
            "total": 254.23309595005665
          }
        },
        {
          "seq_len": 65536,
          "native_ms": 161.8310576790618,
          "splitzip_ms": 163.2505644204428,
          "speedup": 0.9913047360882308,
          "ratio": 1.0036686272186812,
          "encode_gbs": 137.80004182571952,
          "decode_gbs": 288.7609491291535,
          "escape_rate": 0.0782923549413681,
          "splitzip_breakdown_sequential_ms": {
            "encode": 62.336226304372154,
            "transfer": 414.8176206550451,
            "decode": 29.74756322801113,
            "total": 506.9014101874284
          }
        }
      ],
      "e5m2_top8_exact": [
        {
          "seq_len": 1024,
          "native_ms": 4.119729594308082,
          "splitzip_ms": 8.846636190907162,
          "speedup": 0.4656831710274763,
          "ratio": 0.9659745502348663,
          "encode_gbs": 15.31878986460792,
          "decode_gbs": 56.64457200784901,
          "escape_rate": 0.17311859130859375,
          "splitzip_breakdown_sequential_ms": {
            "encode": 8.761640389760334,
            "transfer": 9.290279242738315,
            "decode": 2.36947201192379,
            "total": 20.42139164442244
          }
        },
        {
          "seq_len": 2048,
          "native_ms": 6.640661732371228,
          "splitzip_ms": 13.303414385911822,
          "speedup": 0.4991697273899564,
          "ratio": 0.9767793025360421,
          "encode_gbs": 20.405985445262917,
          "decode_gbs": 71.95512993290349,
          "escape_rate": 0.16607165336608887,
          "splitzip_breakdown_sequential_ms": {
            "encode": 13.154741128285725,
            "transfer": 16.272467438785192,
            "decode": 3.730595111846924,
            "total": 33.15780367891784
          }
        },
        {
          "seq_len": 4096,
          "native_ms": 11.512709578654322,
          "splitzip_ms": 11.829515490605718,
          "speedup": 0.9732190289447624,
          "ratio": 1.0004300535646862,
          "encode_gbs": 47.71523031341857,
          "decode_gbs": 163.44289931419723,
          "escape_rate": 0.1511777639389038,
          "splitzip_breakdown_sequential_ms": {
            "encode": 11.25156283378601,
            "transfer": 28.886621217086155,
            "decode": 3.2847613096237183,
            "total": 43.42294536049589
          }
        },
        {
          "seq_len": 8192,
          "native_ms": 21.57803325851739,
          "splitzip_ms": 20.71694876936212,
          "speedup": 1.041564252474704,
          "ratio": 1.0436310153415578,
          "encode_gbs": 92.48133952505145,
          "decode_gbs": 266.82616797437674,
          "escape_rate": 0.1257149577140808,
          "splitzip_breakdown_sequential_ms": {
            "encode": 11.610361933708191,
            "transfer": 52.22510713812338,
            "decode": 4.024124890565872,