{
  "numel": 268435456,
  "device": "cuda:1",
  "warmup": 20,
  "iters": 100,
  "decode_vector": "quad64",
  "decode_block": 512,
  "decode_num_warps": 4,
  "fix_block": 128,
  "fix_num_warps": 4,
  "rows": [
    {
      "chunk_size": 128,
      "decode_vector": "quad64",
      "decode_block": 512,
      "decode_num_warps": 4,
      "fix_block": 128,
      "fix_num_warps": 4,
      "n_chunks": 2097152,
      "n_escapes": 26168,
      "ratio": 1.3327270457910005,
      "encode_gbs": 185.58908325247953,
      "decode_gbs": 2198.3280597963953,
      "stage_gbs": {
        "dense_encode": 1618.119684008758,
        "count_escapes": 423.95562938171247,
        "prefix_sum": 20917.216242532257,
        "scatter_escapes": 423.0652115638497,
        "dense_decode": 2368.8094707851806,
        "fix_escapes": 30545.38496447028
      }
    },
    {
      "chunk_size": 256,
      "decode_vector": "quad64",
      "decode_block": 512,
      "decode_num_warps": 4,
      "fix_block": 128,
      "fix_num_warps": 4,
      "n_chunks": 1048576,
      "n_escapes": 26168,
      "ratio": 1.3327270457910005,
      "encode_gbs": 283.2325122412458,
      "decode_gbs": 2133.4510344589808,
      "stage_gbs": {
        "dense_encode": 1617.1187596609923,
        "count_escapes": 844.2243279215483,
        "prefix_sum": 24769.268217164725,
        "scatter_escapes": 592.6303651297756,
        "dense_decode": 2357.726164522447,
        "fix_escapes": 22428.226095546022
      }
    },
    {
      "chunk_size": 512,
      "decode_vector": "quad64",
      "decode_block": 512,
      "decode_num_warps": 4,
      "fix_block": 128,
      "fix_num_warps": 4,
      "n_chunks": 524288,
      "n_escapes": 26168,
      "ratio": 1.3327270457910005,
      "encode_gbs": 397.8877550164706,
      "decode_gbs": 2227.531123137469,
      "stage_gbs": {
        "dense_encode": 1618.0777393003386,
        "count_escapes": 1665.0321204929412,
        "prefix_sum": 26460.110093643656,
        "scatter_escapes": 795.6255973554441,
        "dense_decode": 2364.0263791774823,
        "fix_escapes": 38579.67293743969
      }
    },
    {
      "chunk_size": 1024,
      "decode_vector": "quad64",
      "decode_block": 512,
      "decode_num_warps": 4,
      "fix_block": 128,
      "fix_num_warps": 4,
      "n_chunks": 262144,
      "n_escapes": 26168,
      "ratio": 1.3327270457910005,
      "encode_gbs": 476.5062437714045,
      "decode_gbs": 2215.2620728389657,
      "stage_gbs": {
        "dense_encode": 1618.076955838385,
        "count_escapes": 2477.701967749185,
        "prefix_sum": 31868.600232102322,
        "scatter_escapes": 956.3775458493847,
        "dense_decode": 2358.0792756510878,
        "fix_escapes": 36576.57117797893
      }
    },
    {
      "chunk_size": 2048,
      "decode_vector": "quad64",
      "decode_block": 512,
      "decode_num_warps": 4,
      "fix_block": 128,
      "fix_num_warps": 4,
      "n_chunks": 131072,
      "n_escapes": 26168,
      "ratio": 1.3327270457910005,
      "encode_gbs": 452.0851222123482,
      "decode_gbs": 2218.6917543189224,
      "stage_gbs": {
        "dense_encode": 1615.4411386444215,
        "count_escapes": 3061.9560323554383,
        "prefix_sum": 27137.86762590567,
        "scatter_escapes": 813.3325674037301,
        "dense_decode": 2369.5584697312374,
        "fix_escapes": 34847.44679302614
      }
    },
    {
      "chunk_size": 4096,
      "decode_vector": "quad64",
      "decode_block": 512,
      "decode_num_warps": 4,
      "fix_block": 128,
      "fix_num_warps": 4,
      "n_chunks": 65536,
      "n_escapes": 26168,
      "ratio": 1.3327270457910005,
      "encode_gbs": 393.5084020230914,
      "decode_gbs": 2131.4049293265853,
      "stage_gbs": {
        "dense_encode": 1615.842694679831,
        "count_escapes": 3104.7848007577995,
        "prefix_sum": 25148.038447203508,
        "scatter_escapes": 640.8113678954846,
        "dense_decode": 2346.292314438144,
        "fix_escapes": 23272.18511239428
      }
    },
    {
      "chunk_size": 8192,
      "decode_vector": "quad64",
      "decode_block": 512,
      "decode_num_warps": 4,
      "fix_block": 128,
      "fix_num_warps": 4,
      "n_chunks": 32768,
      "n_escapes": 26168,
      "ratio": 1.3327270457910005,
      "encode_gbs": 337.21331108727725,
      "decode_gbs": 2179.5615454038484,
      "stage_gbs": {
        "dense_encode": 1616.5121718990831,
        "count_escapes": 3231.118242868466,
        "prefix_sum": 18557.372737843845,
        "scatter_escapes": 504.1621471747041,
        "dense_decode": 2352.0438058444493,
        "fix_escapes": 29721.457842844684
      }
    },
    {
      "chunk_size": 16384,
      "decode_vector": "quad64",
      "decode_block": 512,
      "decode_num_warps": 4,
      "fix_block": 128,
      "fix_num_warps": 4,
      "n_chunks": 16384,
      "n_escapes": 26168,
      "ratio": 1.3327270457910005,
      "encode_gbs": 55.643933149111454,
      "decode_gbs": 2225.983491899305,
      "stage_gbs": {
        "dense_encode": 1614.1036746050745,
        "count_escapes": 3291.2559281627414,
        "prefix_sum": 22053.937208698622,
        "scatter_escapes": 58.81421085618025,
        "dense_decode": 2374.552612442329,
        "fix_escapes": 35577.48000811724
      }
    },
    {
      "chunk_size": 32768,
      "decode_vector": "quad64",
      "decode_block": 512,
      "decode_num_warps": 4,
      "fix_block": 128,
      "fix_num_warps": 4,
      "n_chunks": 8192,
      "n_escapes": 26168,
      "ratio": 1.3327270457910005,
      "encode_gbs": 52.43700148837835,
      "decode_gbs": 2194.0513535970026,
      "stage_gbs": {
        "dense_encode": 1615.912301267496,
        "count_escapes": 2516.739706072479,
        "prefix_sum": 21816.24371759811,
        "scatter_escapes": 55.52939263959324,
        "dense_decode": 2356.911868506942,
        "fix_escapes": 31752.237049392465
      }
    },
    {
      "chunk_size": 65536,
      "decode_vector": "quad64",
      "decode_block": 512,
      "decode_num_warps": 4,
      "fix_block": 128,
      "fix_num_warps": 4,
      "n_chunks": 4096,
      "n_escapes": 26168,
      "ratio": 1.3327270457910005,
      "encode_gbs": 39.56662191170618,
      "decode_gbs": 2164.5783611459387,
      "stage_gbs": {
        "dense_encode": 1614.7462908998189,
        "count_escapes": 800.217638345852,
        "prefix_sum": 21539.601695875182,
        "scatter_escapes": 42.811060539309615,
        "dense_decode": 2373.650147246528,
        "fix_escapes": 24575.06027708928
      }
    }
  ],
  "best_encode": {
    "chunk_size": 1024,
    "decode_vector": "quad64",
    "decode_block": 512,
    "decode_num_warps": 4,
    "fix_block": 128,
    "fix_num_warps": 4,
    "n_chunks": 262144,
    "n_escapes": 26168,
    "ratio": 1.3327270457910005,
    "encode_gbs": 476.5062437714045,
    "decode_gbs": 2215.2620728389657,
    "stage_gbs": {
      "dense_encode": 1618.076955838385,
      "count_escapes": 2477.701967749185,
      "prefix_sum": 31868.600232102322,
      "scatter_escapes": 956.3775458493847,
      "dense_decode": 2358.0792756510878,
      "fix_escapes": 36576.57117797893
    }
  },
  "best_decode": {
    "chunk_size": 512,
    "decode_vector": "quad64",
    "decode_block": 512,
    "decode_num_warps": 4,
    "fix_block": 128,
    "fix_num_warps": 4,
    "n_chunks": 524288,
    "n_escapes": 26168,
    "ratio": 1.3327270457910005,
    "encode_gbs": 397.8877550164706,
    "decode_gbs": 2227.531123137469,
    "stage_gbs": {
      "dense_encode": 1618.0777393003386,
      "count_escapes": 1665.0321204929412,
      "prefix_sum": 26460.110093643656,
      "scatter_escapes": 795.6255973554441,
      "dense_decode": 2364.0263791774823,
      "fix_escapes": 38579.67293743969
    }
  },
  "best_harmonic_mean": {
    "chunk_size": 1024,
    "decode_vector": "quad64",
    "decode_block": 512,
    "decode_num_warps": 4,
    "fix_block": 128,
    "fix_num_warps": 4,
    "n_chunks": 262144,
    "n_escapes": 26168,