{
  "numel": 268435456,
  "device": "cuda:0",
  "warmup": 20,
  "iters": 100,
  "decode_vector": "quad64",
  "decode_block": 512,
  "decode_num_warps": 4,
  "fix_block": 128,
  "fix_num_warps": 4,
  "rows": [
    {
      "chunk_size": 128,
      "decode_vector": "quad64",
      "decode_block": 512,
      "decode_num_warps": 4,
      "fix_block": 128,
      "fix_num_warps": 4,
      "n_chunks": 2097152,
      "n_escapes": 26168,
      "ratio": 1.3327270457910005,
      "encode_gbs": 185.51328120978502,
      "decode_gbs": 2176.3703661485542,
      "stage_gbs": {
        "dense_encode": 1611.0578812463818,
        "count_escapes": 423.258641644974,
        "prefix_sum": 22031.09375311661,
        "scatter_escapes": 423.41887340738145,
        "dense_decode": 2376.596815606937,
        "fix_escapes": 25832.52560169397
      }
    },
    {
      "chunk_size": 256,
      "decode_vector": "quad64",
      "decode_block": 512,
      "decode_num_warps": 4,
      "fix_block": 128,
      "fix_num_warps": 4,
      "n_chunks": 1048576,
      "n_escapes": 26168,
      "ratio": 1.3327270457910005,
      "encode_gbs": 282.5811175909415,
      "decode_gbs": 2150.8115251104327,
      "stage_gbs": {
        "dense_encode": 1611.283881551205,
        "count_escapes": 844.1222537759816,
        "prefix_sum": 21484.581380057134,
        "scatter_escapes": 592.7765778711458,
        "dense_decode": 2373.64091103668,
        "fix_escapes": 22911.045626724783
      }
    },
    {
      "chunk_size": 512,
      "decode_vector": "quad64",
      "decode_block": 512,
      "decode_num_warps": 4,
      "fix_block": 128,
      "fix_num_warps": 4,
      "n_chunks": 524288,
      "n_escapes": 26168,
      "ratio": 1.3327270457910005,
      "encode_gbs": 397.65137269868245,
      "decode_gbs": 2219.0098902631576,
      "stage_gbs": {
        "dense_encode": 1614.362176521557,
        "count_escapes": 1669.3281637011598,
        "prefix_sum": 22344.009437582507,
        "scatter_escapes": 799.0233901378748,
        "dense_decode": 2373.3293898803463,
        "fix_escapes": 34126.86926837421
      }
    },
    {
      "chunk_size": 1024,
      "decode_vector": "quad64",
      "decode_block": 512,
      "decode_num_warps": 4,
      "fix_block": 128,
      "fix_num_warps": 4,
      "n_chunks": 262144,
      "n_escapes": 26168,
      "ratio": 1.3327270457910005,
      "encode_gbs": 474.2432443278294,
      "decode_gbs": 2186.638540383026,
      "stage_gbs": {
        "dense_encode": 1613.6531130500405,
        "count_escapes": 2480.568526077282,
        "prefix_sum": 25650.391937238073,
        "scatter_escapes": 955.3000536668652,
        "dense_decode": 2354.565611592569,
        "fix_escapes": 30659.642159448627
      }
    },
    {
      "chunk_size": 2048,
      "decode_vector": "quad64",
      "decode_block": 512,
      "decode_num_warps": 4,
      "fix_block": 128,
      "fix_num_warps": 4,
      "n_chunks": 131072,
      "n_escapes": 26168,
      "ratio": 1.3327270457910005,
      "encode_gbs": 451.1652927846702,
      "decode_gbs": 2190.3709460642413,
      "stage_gbs": {
        "dense_encode": 1615.6787856270262,
        "count_escapes": 3068.4643075228073,
        "prefix_sum": 22762.656683720015,
        "scatter_escapes": 814.5178874949922,
        "dense_decode": 2358.593133328026,
        "fix_escapes": 30710.537990612193
      }
    },
    {
      "chunk_size": 4096,
      "decode_vector": "quad64",
      "decode_block": 512,
      "decode_num_warps": 4,
      "fix_block": 128,
      "fix_num_warps": 4,
      "n_chunks": 65536,
      "n_escapes": 26168,
      "ratio": 1.3327270457910005,
      "encode_gbs": 394.5193752158285,
      "decode_gbs": 2246.1281208316987,
      "stage_gbs": {
        "dense_encode": 1614.1309956159669,
        "count_escapes": 3105.5145197519305,
        "prefix_sum": 26527.405667584073,
        "scatter_escapes": 642.8814849383353,
        "dense_decode": 2370.898861769421,
        "fix_escapes": 42681.02092722397
      }
    },
    {
      "chunk_size": 8192,
      "decode_vector": "quad64",
      "decode_block": 512,
      "decode_num_warps": 4,
      "fix_block": 128,
      "fix_num_warps": 4,
      "n_chunks": 32768,
      "n_escapes": 26168,
      "ratio": 1.3327270457910005,
      "encode_gbs": 340.0114435374135,
      "decode_gbs": 2188.856093145769,
      "stage_gbs": {
        "dense_encode": 1615.5116387593446,
        "count_escapes": 3248.234010615143,
        "prefix_sum": 26914.977654888604,
        "scatter_escapes": 505.8002877233746,
        "dense_decode": 2353.271189762853,
        "fix_escapes": 31329.069462114094
      }
    },
    {
      "chunk_size": 16384,
      "decode_vector": "quad64",
      "decode_block": 512,
      "decode_num_warps": 4,
      "fix_block": 128,
      "fix_num_warps": 4,
      "n_chunks": 16384,
      "n_escapes": 26168,
      "ratio": 1.3327270457910005,
      "encode_gbs": 51.76839297028362,
      "decode_gbs": 2093.677251873405,
      "stage_gbs": {
        "dense_encode": 1612.91687232957,
        "count_escapes": 3292.6557129341195,
        "prefix_sum": 21079.113940584426,
        "scatter_escapes": 54.508791045986825,
        "dense_decode": 2270.7730091978024,
        "fix_escapes": 26845.735128577173
      }
    },
    {
      "chunk_size": 32768,
      "decode_vector": "quad64",
      "decode_block": 512,
      "decode_num_warps": 4,
      "fix_block": 128,
      "fix_num_warps": 4,
      "n_chunks": 8192,
      "n_escapes": 26168,
      "ratio": 1.3327270457910005,
      "encode_gbs": 23.764805821803698,
      "decode_gbs": 952.0897375917338,
      "stage_gbs": {
        "dense_encode": 692.5171120176303,
        "count_escapes": 1092.731239894809,
        "prefix_sum": 17174.109579572814,
        "scatter_escapes": 25.213267664185967,
        "dense_decode": 999.5996210495202,
        "fix_escapes": 20031.801209267294
      }
    },
    {
      "chunk_size": 65536,
      "decode_vector": "quad64",
      "decode_block": 512,
      "decode_num_warps": 4,
      "fix_block": 128,
      "fix_num_warps": 4,
      "n_chunks": 4096,
      "n_escapes": 26168,
      "ratio": 1.3327270457910005,
      "encode_gbs": 39.56145622338575,
      "decode_gbs": 2222.218997239243,
      "stage_gbs": {
        "dense_encode": 1613.7821855121147,
        "count_escapes": 801.8212447445902,
        "prefix_sum": 21722.613199276664,
        "scatter_escapes": 42.80039542034514,
        "dense_decode": 2370.1680425956356,
        "fix_escapes": 35600.31386628893
      }
    }
  ],
  "best_encode": {
    "chunk_size": 1024,
    "decode_vector": "quad64",
    "decode_block": 512,
    "decode_num_warps": 4,
    "fix_block": 128,
    "fix_num_warps": 4,
    "n_chunks": 262144,
    "n_escapes": 26168,
    "ratio": 1.3327270457910005,
    "encode_gbs": 474.2432443278294,
    "decode_gbs": 2186.638540383026,
    "stage_gbs": {
      "dense_encode": 1613.6531130500405,
      "count_escapes": 2480.568526077282,
      "prefix_sum": 25650.391937238073,
      "scatter_escapes": 955.3000536668652,
      "dense_decode": 2354.565611592569,
      "fix_escapes": 30659.642159448627
    }
  },
  "best_decode": {
    "chunk_size": 4096,
    "decode_vector": "quad64",
    "decode_block": 512,
    "decode_num_warps": 4,
    "fix_block": 128,
    "fix_num_warps": 4,
    "n_chunks": 65536,
    "n_escapes": 26168,
    "ratio": 1.3327270457910005,
    "encode_gbs": 394.5193752158285,
    "decode_gbs": 2246.1281208316987,
    "stage_gbs": {
      "dense_encode": 1614.1309956159669,
      "count_escapes": 3105.5145197519305,
      "prefix_sum": 26527.405667584073,
      "scatter_escapes": 642.8814849383353,
      "dense_decode": 2370.898861769421,
      "fix_escapes": 42681.02092722397
    }
  },
  "best_harmonic_mean": {
    "chunk_size": 1024,
    "decode_vector": "quad64",
    "decode_block": 512,
    "decode_num_warps": 4,
    "fix_block": 128,
    "fix_num_warps": 4,
    "n_chunks": 262144,
    "n_escapes": 26168,