{
  "rows": [
    {
      "decode_vector": "quad64",
      "decode_block": 128,
      "decode_num_warps": 4,
      "fix_block": 128,
      "fix_num_warps": 4,
      "decode_gbs": 1489.5358452209357,
      "dense_decode_gbs": 1579.7332115593265,
      "fix_escapes_gbs": 26088.00389665114,
      "decode_total_s": 0.00036042832653038204,
      "stage_s": {
        "dense_encode": 0.00033263547229580583,
        "count_escapes": 0.00017531560151837767,
        "prefix_sum": 1.6430747928097843e-05,
        "scatter_escapes": 0.0006588336254935712,
        "dense_decode": 0.0003398491011466831,
        "fix_escapes": 2.057922538369894e-05
      }
    },
    {
      "decode_vector": "quad64",
      "decode_block": 128,
      "decode_num_warps": 4,
      "fix_block": 256,
      "fix_num_warps": 4,
      "decode_gbs": 1473.2081771072008,
      "dense_decode_gbs": 1573.9347191821194,
      "fix_escapes_gbs": 23020.08438657001,
      "decode_total_s": 0.0003644229786004871,
      "stage_s": {
        "dense_encode": 0.00033498857519589367,
        "count_escapes": 0.0001765492488630116,
        "prefix_sum": 2.6038149371743202e-05,
        "scatter_escapes": 0.0006609201489482075,
        "dense_decode": 0.0003411011304706335,
        "fix_escapes": 2.3321848129853606e-05
      }
    },
    {
      "decode_vector": "quad64",
      "decode_block": 128,
      "decode_num_warps": 4,
      "fix_block": 512,
      "fix_num_warps": 4,
      "decode_gbs": 1492.063560679206,
      "dense_decode_gbs": 1588.0328613047034,
      "fix_escapes_gbs": 24689.62418263529,
      "decode_total_s": 0.00035981772234663364,
      "stage_s": {
        "dense_encode": 0.0003331322513986379,
        "count_escapes": 0.00017474447377026082,
        "prefix_sum": 2.3820396745577454e-05,
        "scatter_escapes": 0.0006576024286914616,
        "dense_decode": 0.0003380729234777391,
        "fix_escapes": 2.1744798868894576e-05
      }
    },
    {
      "decode_vector": "quad64",
      "decode_block": 128,
      "decode_num_warps": 8,
      "fix_block": 128,
      "fix_num_warps": 4,
      "decode_gbs": 832.317354259717,
      "dense_decode_gbs": 864.3671987439635,
      "fix_escapes_gbs": 22447.154784825274,
      "decode_total_s": 0.0006450315006077289,
      "stage_s": {
        "dense_encode": 0.0003344017721246928,
        "count_escapes": 0.00017614467651583254,
        "prefix_sum": 2.8939353069290518e-05,
        "scatter_escapes": 0.0006596655992325395,
        "dense_decode": 0.0006211143976543098,
        "fix_escapes": 2.391710295341909e-05
      }
    },
    {
      "decode_vector": "quad64",
      "decode_block": 128,
      "decode_num_warps": 8,
      "fix_block": 256,
      "fix_num_warps": 4,
      "decode_gbs": 839.1842490819274,
      "dense_decode_gbs": 864.3023841493595,
      "fix_escapes_gbs": 28875.907597237492,
      "decode_total_s": 0.0006397533230483532,
      "stage_s": {
        "dense_encode": 0.0003339569724630564,
        "count_escapes": 0.0001753204967826605,
        "prefix_sum": 2.0555075025185943e-05,
        "scatter_escapes": 0.0006603450980037451,
        "dense_decode": 0.0006211609754245729,
        "fix_escapes": 1.859234762378037e-05
      }
    },
    {
      "decode_vector": "quad64",
      "decode_block": 128,
      "decode_num_warps": 8,
      "fix_block": 512,
      "fix_num_warps": 4,
      "decode_gbs": 826.7304635354977,
      "dense_decode_gbs": 855.3567168319784,
      "fix_escapes_gbs": 24702.829520537973,
      "decode_total_s": 0.0006493905035313219,
      "stage_s": {
        "dense_encode": 0.00033344130497425795,
        "count_escapes": 0.00017501297406852245,
        "prefix_sum": 2.367047709412873e-05,
        "scatter_escapes": 0.000662594725145027,
        "dense_decode": 0.0006276573287323118,
        "fix_escapes": 2.1733174799010156e-05
      }
    },
    {
      "decode_vector": "quad64",
      "decode_block": 256,
      "decode_num_warps": 4,
      "fix_block": 128,
      "fix_num_warps": 4,
      "decode_gbs": 2028.5632166789985,
      "dense_decode_gbs": 2232.5326643544863,
      "fix_escapes_gbs": 22203.49025089865,
      "decode_total_s": 0.00026465574628673497,
      "stage_s": {
        "dense_encode": 0.00033312224550172684,
        "count_escapes": 0.0001760418002959341,
        "prefix_sum": 2.345714601688087e-05,
        "scatter_escapes": 0.0006612111290451139,
        "dense_decode": 0.00024047617334872485,
        "fix_escapes": 2.4179572938010098e-05
      }
    },
    {
      "decode_vector": "quad64",
      "decode_block": 256,
      "decode_num_warps": 4,
      "fix_block": 256,
      "fix_num_warps": 4,
      "decode_gbs": 2074.8204647137677,
      "dense_decode_gbs": 2218.853255626189,
      "fix_escapes_gbs": 31963.014212293274,
      "decode_total_s": 0.0002587553579360247,
      "stage_s": {
        "dense_encode": 0.00033182782353833316,
        "count_escapes": 0.00017474377527832986,
        "prefix_sum": 2.5603326503187417e-05,
        "scatter_escapes": 0.0006588732998352498,
        "dense_decode": 0.00024195872829295694,
        "fix_escapes": 1.679662964306772e-05
      }
    },
    {
      "decode_vector": "quad64",
      "decode_block": 256,
      "decode_num_warps": 4,
      "fix_block": 512,
      "fix_num_warps": 4,
      "decode_gbs": 2091.25584832619,
      "dense_decode_gbs": 2219.0672178113864,
      "fix_escapes_gbs": 36308.48582382563,
      "decode_total_s": 0.00025672177434898913,
      "stage_s": {
        "dense_encode": 0.0003339638002216816,
        "count_escapes": 0.00017555392696522176,
        "prefix_sum": 2.5010225363075735e-05,
        "scatter_escapes": 0.000662533420836553,
        "dense_decode": 0.00024193539866246283,
        "fix_escapes": 1.4786375686526299e-05
      }
    },
    {
      "decode_vector": "quad64",
      "decode_block": 256,
      "decode_num_warps": 8,
      "fix_block": 128,
      "fix_num_warps": 4,
      "decode_gbs": 1436.5385494366171,
      "dense_decode_gbs": 1527.1121908415503,
      "fix_escapes_gbs": 24220.68382622203,
      "decode_total_s": 0.00037372537772171197,
      "stage_s": {
        "dense_encode": 0.0003343648451846093,
        "count_escapes": 0.0001747397764120251,
        "prefix_sum": 1.784747000783682e-05,
        "scatter_escapes": 0.0006605725735425949,
        "dense_decode": 0.0003515595744829625,
        "fix_escapes": 2.2165803238749503e-05
      }
    },
    {
      "decode_vector": "quad64",
      "decode_block": 256,
      "decode_num_warps": 8,
      "fix_block": 256,
      "fix_num_warps": 4,
      "decode_gbs": 1456.0599093974774,
      "dense_decode_gbs": 1532.1168670234301,
      "fix_escapes_gbs": 29331.359236794586,
      "decode_total_s": 0.0003687148506287485,
      "stage_s": {
        "dense_encode": 0.00033335299813188615,
        "count_escapes": 0.0001745311776176095,
        "prefix_sum": 1.5067524509504438e-05,
        "scatter_escapes": 0.000657621497521177,
        "dense_decode": 0.00035041120136156676,
        "fix_escapes": 1.8303649267181753e-05
      }
    },
    {
      "decode_vector": "quad64",
      "decode_block": 256,
      "decode_num_warps": 8,
      "fix_block": 512,
      "fix_num_warps": 4,
      "decode_gbs": 1475.4412742958127,
      "dense_decode_gbs": 1532.1507676632473,
      "fix_escapes_gbs": 39862.787459718624,
      "decode_total_s": 0.0003638714202679694,
      "stage_s": {
        "dense_encode": 0.0003319018753245473,
        "count_escapes": 0.00018001209828071295,
        "prefix_sum": 1.7171521903946996e-05,
        "scatter_escapes": 0.000657535222126171,
        "dense_decode": 0.00035040344810113313,
        "fix_escapes": 1.3467972166836262e-05
      }
    },
    {
      "decode_vector": "quad64",
      "decode_block": 512,
      "decode_num_warps": 4,
      "fix_block": 128,
      "fix_num_warps": 4,
      "decode_gbs": 2188.4737919550257,
      "dense_decode_gbs": 2354.0795709216095,
      "fix_escapes_gbs": 31109.068036679007,