{
  "models": [
    "Qwen/Qwen3-Next-80B-A3B-Instruct"
  ],
  "results": [
    {
      "model_id": "Qwen/Qwen3-Next-80B-A3B-Instruct",
      "status": "ok",
      "prompt_tokens": 1024,
      "profiled_kv_layers": 12,
      "non_kv_layers": 36,
      "global_k": {
        "total": 6291456,
        "unique": 29,
        "top8": 0.9755895932515463,
        "top16": 0.9997436205546061,
        "entropy": 2.7079219818115234,
        "top16_values": [
          127,
          126,
          125,
          128,
          124,
          123,
          122,
          129,
          121,
          120,
          119,
          130,
          118,
          117,
          116,
          115
        ]
      },
      "global_v": {
        "total": 6291456,
        "unique": 31,
        "top8": 0.9594213167826334,
        "top16": 0.9995083808898926,
        "entropy": 2.819476366043091,
        "top16_values": [
          125,
          124,
          126,
          123,
          127,
          122,
          121,
          120,
          129,
          128,
          119,
          118,
          117,
          116,
          115,
          130
        ]
      },
      "per_layer": [
        {
          "layer": 0,
          "status": "no_standard_kv_cache"
        },
        {
          "layer": 1,
          "status": "no_standard_kv_cache"
        },
        {
          "layer": 2,
          "status": "no_standard_kv_cache"
        },
        {
          "layer": 3,
          "k": {
            "total": 524288,
            "unique": 24,
            "top8": 0.9770393371582031,
            "top16": 0.9997539520263672,
            "entropy": 2.7122111320495605,
            "top16_values": [
              126,
              127,
              125,
              128,
              124,
              123,
              122,
              121,
              129,
              120,
              119,
              118,
              117,
              116,
              115,
              114
            ]
          },
          "v": {
            "total": 524288,
            "unique": 24,
            "top8": 0.9768924713134766,
            "top16": 0.9998512268066406,
            "entropy": 2.747690439224243,
            "top16_values": [
              125,
              124,
              126,
              123,
              127,
              122,
              121,
              120,
              128,
              119,
              118,
              117,
              116,
              115,
              114,
              113
            ]
          }
        },
        {
          "layer": 4,
          "status": "no_standard_kv_cache"
        },
        {
          "layer": 5,
          "status": "no_standard_kv_cache"
        },
        {
          "layer": 6,
          "status": "no_standard_kv_cache"
        },
        {
          "layer": 7,
          "k": {
            "total": 524288,
            "unique": 24,
            "top8": 0.9773712158203125,
            "top16": 0.9997959136962891,
            "entropy": 2.6655683517456055,
            "top16_values": [
              127,
              126,
              125,
              128,
              124,
              123,
              122,
              129,
              121,
              120,
              119,
              118,
              117,
              130,
              116,
              115
            ]
          },
          "v": {
            "total": 524288,
            "unique": 23,
            "top8": 0.9817352294921875,
            "top16": 0.9998703002929688,
            "entropy": 2.6994946002960205,
            "top16_values": [
              125,
              126,
              124,
              123,
              127,
              122,
              121,
              120,
              119,
              128,
              118,
              117,
              116,
              115,
              114,
              113
            ]
          }
        },
        {
          "layer": 8,
          "status": "no_standard_kv_cache"
        },
        {
          "layer": 9,
          "status": "no_standard_kv_cache"
        },
        {
          "layer": 10,
          "status": "no_standard_kv_cache"
        },
        {
          "layer": 11,
          "k": {
            "total": 524288,
            "unique": 24,
            "top8": 0.9726314544677734,
            "top16": 0.9997024536132812,
            "entropy": 2.7672934532165527,
            "top16_values": [
              126,
              127,
              125,
              128,
              124,
              123,
              122,
              129,
              121,
              120,
              119,
              130,
              118,
              117,
              116,
              115
            ]
          },
          "v": {
            "total": 524288,
            "unique": 26,
            "top8": 0.9785022735595703,
            "top16": 0.9997425079345703,
            "entropy": 2.717344284057617,
            "top16_values": [
              125,
              124,
              126,
              123,
              122,
              127,
              121,
              120,
              119,
              118,
              128,
              117,
              129,
              116,
              115,
              114
            ]
          }
        },
        {
          "layer": 12,
          "status": "no_standard_kv_cache"
        },
        {
          "layer": 13,
          "status": "no_standard_kv_cache"
        },
        {
          "layer": 14,
          "status": "no_standard_kv_cache"
        },
        {
          "layer": 15,
          "k": {
            "total": 524288,
            "unique": 25,
            "top8": 0.9771652221679688,
            "top16": 0.9997539520263672,
            "entropy": 2.704313278198242,
            "top16_values": [
              127,
              126,
              125,
              128,
              124,
              123,
              122,
              129,
              121,
              120,
              119,
              118,
              130,
              117,
              116,
              115
            ]
          },
          "v": {
            "total": 524288,
            "unique": 25,
            "top8": 0.97930908203125,
            "top16": 0.999725341796875,
            "entropy": 2.7087209224700928,
            "top16_values": [
              125,
              124,
              126,
              123,
              122,
              127,
              121,
              120,
              119,
              118,
              117,
              129,
              128,
              116,
              115,
              114
            ]
          }
        },
        {
          "layer": 16,
          "status": "no_standard_kv_cache"
        },
        {
          "layer": 17,
          "status": "no_standard_kv_cache"
        },
        {
          "layer": 18,
          "status": "no_standard_kv_cache"
        },
        {
          "layer": 19,
          "k": {
            "total": 524288,
            "unique": 25,
            "top8": 0.9789199829101562,
            "top16": 0.9997615814208984,
            "entropy": 2.648963689804077,
            "top16_values": [
              127,
              126,
              125,
              128,
              124,
              123,
              122,
              129,
              121,
              120,
              119,
              130,
              118,
              117,
              116,
              115
            ]
          },
          "v": {
            "total": 524288,
            "unique": 23,
            "top8": 0.9825401306152344,
            "top16": 0.9998588562011719,
            "entropy": 2.692654848098755,