{
  "fmt": "e5m2",
  "numel": 4096,
  "chunk_size": 256,
  "global_top8_coverage": 0.9853515625,
  "chunk_local_top8_coverage": 0.986572265625,
  "global_top8_values": [
    14,
    15,
    13,
    12,
    16,
    11,
    10,
    9
  ],
  "global_top8_ratio_est": 1.27601246105919,
  "chunk_local_top8_ratio_est": 1.2329921733895244
}
