{
  "fmt": "e5m2",
  "numel": 268435456,
  "chunk_size": 256,
  "global_top8_coverage": 0.9851829409599304,
  "chunk_local_top8_coverage": 0.9877403900027275,
  "global_top8_values": [
    14,
    15,
    13,
    12,
    16,
    11,
    10,
    9
  ],
  "global_top8_ratio_est": 1.2789518721463284,
  "chunk_local_top8_ratio_est": 1.2361178265869923
}
