{
  "model": "NousResearch/Meta-Llama-3-8B",
  "activation_meta": {
    "num_hidden_layers": 32,
    "num_attention_heads": 32,
    "num_key_value_heads": 8,
    "head_dim": 128,
    "hidden_size": 4096,
    "model_type": "llama",
    "prompt_tokens": 1024,
    "block_rows_total": 32768,
    "block_width": 2048
  },
  "rows": [
    {
      "shape": [
        1024,
        4096
      ],
      "raw_bytes": 8388608,
      "compressed_bytes": 7810920,
      "ratio": 1.0739590214725026,
      "encode_s": {
        "mean": 0.21204947486985476,
        "std": 0.036578387179200395,
        "stderr": 0.011567101662177486
      },
      "encode_gbs": {
        "mean": 0.040536350101599526,
        "std": 0.006374438195967112,
        "stderr": 0.0020157743503230823
      }
    },
    {
      "shape": [
        4096,
        4096
      ],
      "raw_bytes": 33554432,
      "compressed_bytes": 28363368,
      "ratio": 1.183020013702181,
      "encode_s": {
        "mean": 0.7122214520117268,
        "std": 0.08399004482507719,
        "stderr": 0.026559984242688236
      },
      "encode_gbs": {
        "mean": 0.04769237424561372,
        "std": 0.005470654541658491,
        "stderr": 0.0017299728643585329
      }
    },
    {
      "shape": [
        16384,
        4096
      ],
      "raw_bytes": 134217728,
      "compressed_bytes": 109634824,
      "ratio": 1.224225324610363,
      "encode_s": {
        "mean": 2.4858321991050616,
        "std": 0.047248719260402756,
        "stderr": 0.014941356938873905
      },
      "encode_gbs": {
        "mean": 0.0540101768493315,
        "std": 0.0009999958133221718,
        "stderr": 0.0003162264420730613
      }
    },
    {
      "shape": [
        65536,
        4096
      ],
      "raw_bytes": 536870912,
      "compressed_bytes": 434522568,
      "ratio": 1.2355420674030446,
      "encode_s": {
        "mean": 9.909677778487094,
        "std": 0.12203882173112277,
        "stderr": 0.03859206396336008
      },
      "encode_gbs": {
        "mean": 0.054183812652133324,
        "std": 0.0006665986021279484,
        "stderr": 0.0002107969867808681
      }
    }
  ]
}
